{"all_fit": [0, 12.940120579231936, 19.82466198915975, 15.855698886988975, 13.4334913421901, 14.279512446215614, 17.973289802694353, 22.606456191157072, 22.361505902808823, 27.731076798518416, 30.574441520671247], "hamming_avg": [20.0, 19.95, 19.95, 19.9, 19.9, 19.8, 19.8, 19.7, 19.8, 19.3], "min_fit": [0, 1.4285714285714288, 1.4285714285714288, 2.7027027027027044, 2.7027027027027044, 2.717391304347826, 2.717391304347826, 2.717391304347826, 3.26086956521739, 3.26086956521739, 2.150537634408602], "max_fit": [0, 43.47826086956522, 67.74193548387098, 67.74193548387098, 67.74193548387098, 67.74193548387098, 67.74193548387098, 67.74193548387098, 67.74193548387098, 67.74193548387098, 67.74193548387098], "hamming_min": [20, 19, 19, 19, 19, 19, 19, 19, 19, 19]}