{"all_fit": [0, 8.551425647972595, 11.050017600605617, 9.33247639631292, 15.312403110245011, 17.6495074585916, 22.228257535483184, 30.400262063635402, 29.721795576867528, 36.754852969620416, 37.91296550800443], "hamming_avg": [20.0, 20.0, 20.0, 20.0, 19.9, 19.5, 19.2, 18.9, 18.7, 18.15], "min_fit": [0, 1.6853932584269664, 1.6853932584269664, 1.6853932584269664, 1.89873417721519, 1.89873417721519, 1.89873417721519, 3.26086956521739, 3.26086956521739, 3.571428571428572, 0.8849557522123894], "max_fit": [0, 42.241379310344826, 47.8813559322034, 47.8813559322034, 78.66666666666667, 78.66666666666667, 78.66666666666667, 78.66666666666667, 100.0, 100.0, 100.0], "hamming_min": [20, 20, 20, 20, 19, 18, 18, 15, 15, 15]}