{"all_fit": [0, 27.184491850966065, 32.042083534381035, 35.88308555424097, 43.104132787127625, 53.820341533814045, 56.91684639419274, 62.19772820673984, 61.517455105869736, 55.93582487642368, 62.53994976761347], "hamming_avg": [20.0, 20.0, 20.0, 20.0, 19.9, 19.45, 18.75, 16.85, 18.05, 19.55], "min_fit": [0, 5.813953488372093, 5.813953488372093, 5.813953488372093, 5.813953488372093, 11.25, 14.285714285714286, 14.285714285714286, 24.358974358974354, 24.358974358974354, 25.471698113207545], "max_fit": [0, 83.75, 83.75, 83.75, 83.75, 90.0, 90.0, 90.0, 100.0, 100.0, 100.0], "hamming_min": [20, 20, 20, 20, 19, 19, 18, 11, 14, 19]}