{"all_fit": [0, 19.581584362956786, 24.587353285037047, 23.014447664198748, 25.478782577364306, 21.773542004127982, 21.84340570511366, 22.276898058307534, 29.7704022796968, 35.96371589305757, 39.7395968101427], "hamming_avg": [20.0, 20.0, 20.0, 20.0, 20.0, 20.0, 20.0, 20.0, 19.95, 19.9], "min_fit": [0, 1.6393442622950776, 1.6393442622950776, 1.6393442622950776, 1.6393442622950776, 1.6393442622950776, 4.477611940298507, 4.477611940298507, 4.477611940298507, 4.477611940298507, 4.477611940298507], "max_fit": [0, 78.30188679245283, 78.30188679245283, 78.30188679245283, 78.30188679245283, 78.30188679245283, 78.30188679245283, 78.30188679245283, 78.30188679245283, 100.0, 100.0], "hamming_min": [20, 20, 20, 20, 20, 20, 20, 20, 19, 19]}