{"all_fit": [0, 14.537927186992704, 17.312827523870997, 18.237480637081962, 20.70445395053165, 28.16109355640278, 31.846435754610276, 28.917859815547057, 33.464760126011214, 38.31699400214572, 38.82469724020475], "hamming_avg": [20.0, 20.0, 20.0, 20.0, 19.95, 20.0, 19.95, 20.0, 20.0, 20.0], "min_fit": [0, 2.631578947368425, 3.6363636363636402, 3.6363636363636402, 3.6363636363636402, 7.936507936507938, 5.0, 5.0, 5.0, 5.0, 8.0], "max_fit": [0, 66.66666666666666, 66.66666666666666, 66.66666666666666, 66.66666666666666, 66.66666666666666, 67.10526315789474, 67.10526315789474, 67.10526315789474, 81.0, 81.0], "hamming_min": [20, 20, 20, 20, 19, 20, 19, 20, 20, 20]}