{"all_fit": [0, 10.617222920655944, 12.937487660809584, 16.786582622727536, 20.623587174197517, 22.63393292419617, 22.36475467187909, 23.183936252761555, 29.258245149421334, 28.613761382656293, 26.6463451229259], "hamming_avg": [20.0, 20.0, 20.0, 20.0, 19.95, 19.75, 19.65, 19.25, 18.5, 18.0], "min_fit": [0, 1.020408163265306, 1.176470588235297, 1.428571428571427, 1.428571428571427, 1.7857142857142918, 2.659574468085107, 2.659574468085107, 2.659574468085107, 5.3191489361702295, 4.54545454545455], "max_fit": [0, 31.632653061224485, 37.96296296296296, 50.00000000000001, 50.00000000000001, 61.36363636363635, 61.36363636363635, 61.36363636363635, 61.36363636363635, 61.36363636363635, 61.36363636363635], "hamming_min": [20, 20, 20, 20, 19, 19, 19, 18, 18, 18]}