{"all_fit": [0, 11.395766094904971, 12.142140768255704, 12.799291755258292, 12.175311054127487, 14.306103479490735, 18.045009103747585, 20.33584389943376, 16.34170404433669, 21.90124208848319, 21.78152729623318], "hamming_avg": [20.0, 20.0, 20.0, 20.0, 20.0, 20.0, 19.85, 18.25, 15.5, 14.05], "min_fit": [0, 0.0, 0.0, 0.0, 0.5747126436781542, 0.5747126436781542, 2.9850746268656687, 1.1494252873563218, 0.0, 0.0, 0.0], "max_fit": [0, 55.00000000000001, 55.00000000000001, 55.00000000000001, 55.00000000000001, 55.00000000000001, 55.00000000000001, 55.00000000000001, 55.00000000000001, 55.00000000000001, 55.00000000000001], "hamming_min": [20, 20, 20, 20, 20, 20, 19, 16, 13, 10]}