{"all_fit": [0, 27.462271416636305, 24.870810101769315, 25.927095937131458, 33.830831788968325, 38.12355059958967, 43.09014128823047, 42.63467364807262, 48.09603025988601, 48.767427877082454, 51.79466378048596], "hamming_avg": [20.0, 20.0, 20.0, 20.0, 20.0, 18.95, 17.85, 17.5, 17.75, 17.55], "min_fit": [0, 2.727272727272732, 2.727272727272732, 2.727272727272732, 2.727272727272732, 2.727272727272732, 2.727272727272732, 4.62962962962963, 23.404255319148945, 23.076923076923077, 12.222222222222223], "max_fit": [0, 64.44444444444444, 64.44444444444444, 64.44444444444444, 83.69565217391305, 87.8048780487805, 87.8048780487805, 87.8048780487805, 87.8048780487805, 87.8048780487805, 95.74468085106383], "hamming_min": [20, 20, 20, 20, 20, 18, 15, 17, 17, 15]}