{"all_fit": [0, 22.821904252451777, 24.27974035418171, 26.50115419443042, 32.40495332065637, 37.43273546256267, 34.62546199868009, 43.990531531631134, 47.0774917219025, 52.141208906318184, 47.05014087664098], "hamming_avg": [20.0, 20.0, 20.0, 20.0, 20.0, 20.0, 19.9, 19.7, 19.8, 19.95], "min_fit": [0, 1.898734177215191, 1.898734177215191, 1.898734177215191, 2.5423728813559343, 12.5, 8.695652173913043, 12.5, 16.666666666666668, 19.444444444444443, 11.76470588235294], "max_fit": [0, 57.0, 57.0, 63.39285714285715, 63.39285714285715, 100.0, 100.0, 100.0, 100.0, 100.0, 100.0], "hamming_min": [20, 20, 20, 20, 20, 20, 19, 19, 19, 19]}