{"all_fit": [0, 16.20577186604644, 18.730615060515028, 26.622335497420217, 28.073745233795826, 39.07080270341844, 47.60598595012232, 51.79236173749168, 43.57548831048494, 37.391896794517784, 45.223974247988885], "hamming_avg": [20.0, 20.0, 20.0, 19.95, 19.95, 19.5, 20.0, 20.0, 20.0, 18.25], "min_fit": [0, 0.7352941176470589, 0.7352941176470589, 0.7352941176470589, 1.162790697674403, 2.0547945205479463, 0.7407407407407409, 0.7407407407407409, 0.7407407407407409, 0.7407407407407409, 5.813953488372103], "max_fit": [0, 96.73913043478255, 96.73913043478255, 96.73913043478255, 96.73913043478255, 96.73913043478255, 96.73913043478255, 96.73913043478255, 96.73913043478255, 96.73913043478255, 96.73913043478255], "hamming_min": [20, 20, 20, 19, 19, 19, 20, 20, 20, 17]}